Price,rooms,price_per_m2,level,levels,year,area_total,area_living,area_kitchen,street,area_comfort
140000.0,2.0,2258.0,7.0,9.0,1969.0,62.0,47.0,9.0,Омеляновича-Павленка,6.0
105000.0,4.0,847.0,25.0,26.0,2018.0,124.0,71.0,16.0,Ованеса Туманяна,37.0
175000.0,3.0,1786.0,25.0,26.0,2010.0,98.0,42.613882863340564,15.907786885245901,Ованеса Туманяна,39.47833025141354
30970.0,1.0,1106.0,12.0,13.0,2013.0,28.0,13.0,5.0,Петропавлівська,10.0
82000.0,2.0,1281.0,18.0,26.0,1996.3073852295408,64.0,42.613882863340564,15.907786885245901,Дніпровська,5.478330251413535
168535.7,3.0,1872.6,4.0,9.0,1966.0,90.0,45.0,10.0,Саксаганського,35.0
4500000.0,4.0,14610.0,18.0,21.0,2011.0,308.0,42.613882863340564,15.907786885245901,Івана Мазепи,249.47833025141352
135000.0,2.0,2077.0,16.0,23.0,2012.0,65.0,25.0,18.0,Дніпровська,22.0
120000.0,1.0,2500.0,8.0,25.0,2012.0,48.0,18.0,16.0,Ділова,14.0
57500.0,3.0,625.0,9.0,9.0,1970.0,92.0,42.613882863340564,15.907786885245901,Новодарницька,33.47833025141354
98000.0,2.0,1633.0,21.0,34.0,2014.0,60.0,41.0,27.0,Ревуцького,8.0
170000.0,3.0,1735.0,16.0,22.0,2018.0,98.0,48.0,35.0,Липківського,15.0
320000.0,5.0,1963.0,23.0,25.0,2017.0,163.0,100.0,14.0,Бендукідзе,49.0
65000.0,1.0,2600.0,1.0,3.0,1996.3073852295408,25.0,20.0,3.0,Введенська,2.0
125000.0,2.0,2778.0,6.0,9.0,1965.0,45.0,42.613882863340564,15.907786885245901,Виноградний,13.521669748586465
48000.0,1.0,849.0,22.0,25.0,1996.3073852295408,80.16498316498317,40.0,10.0,Кайсарова,30.16498316498317
70000.0,1.0,1273.0,26.0,27.0,2004.0,55.0,22.0,12.0,Ахматової,21.0
75000.0,3.0,1005.0,4.0,26.0,1996.3073852295408,80.16498316498317,42.613882863340564,15.907786885245901,Радченка,21.643313416396705
84000.0,2.0,1273.0,6.0,26.0,1996.3073852295408,66.0,42.613882863340564,18.0,Дніпровська,5.386117136659436
175000.0,1.0,1725.8,7.0,25.0,2012.0,80.16498316498317,42.613882863340564,15.907786885245901,Ділова,21.643313416396705
63000.0,3.0,900.0,7.0,10.0,1987.0,70.0,44.0,15.907786885245901,Бориспільська,10.092213114754099
390000.0,3.0,3000.0,11.0,28.0,2013.0,130.0,48.0,66.0,Болсуновська,16.0
335000.0,3.0,3160.0,24.0,28.0,2017.0,106.0,55.0,24.0,Українки,27.0
320000.0,3.0,3137.0,15.0,24.0,2016.0,102.0,70.0,20.0,Антонова,12.0
118000.0,2.0,1311.0,15.0,25.0,1959.0,90.0,41.0,13.0,Науки,36.0
159990.0,4.0,1437.0,6.0,10.0,2016.0,80.16498316498317,42.613882863340564,30.0,Метрологічна,7.551100301642606
85000.0,3.0,1417.0,2.0,5.0,1961.0,60.0,44.0,6.0,Дружби Народів,10.0
155022.2,1.0,2541.3,9.55521472392638,17.624233128834355,1996.3073852295408,61.0,42.613882863340564,15.907786885245901,Драгомирова,2.478330251413535
590000.0,3.0,5900.0,9.55521472392638,17.624233128834355,1996.3073852295408,100.0,42.613882863340564,15.907786885245901,Драгомирова,41.47833025141354
84000.0,2.0,1333.0,2.0,16.0,2016.0,63.0,32.0,15.0,Данченка,16.0
35000.0,2.0,778.0,1.0,2.0,1996.3073852295408,45.0,42.613882863340564,15.907786885245901,Кримська,13.521669748586465
63000.0,2.0,969.0,4.0,25.0,1996.3073852295408,65.0,31.0,13.0,Новопольова,21.0
40000.0,2.0,870.0,3.0,5.0,1963.0,46.0,30.0,8.0,Туполєва,8.0
42654.8,1.0,1375.9,9.55521472392638,17.624233128834355,1996.3073852295408,31.0,42.613882863340564,15.907786885245901,Дніпровська,27.521669748586465
60000.0,1.0,1463.0,2.0,26.0,1996.3073852295408,41.0,42.613882863340564,15.907786885245901,Дніпровська,17.521669748586465
130000.0,2.0,1625.0,6.0,25.0,2010.0,80.0,42.613882863340564,14.0,Перемоги,23.386117136659436
346500.0,2.0,4500.0,7.0,24.0,2019.0,77.0,38.0,20.0,Івана Федорова,19.0
46998.0,2.0,1000.0,5.0,5.0,1968.0,47.0,35.0,8.0,Братиславська,4.0
10092.1,1.0,672.8,9.55521472392638,17.624233128834355,1996.3073852295408,15.0,42.613882863340564,15.907786885245901,Червоноткацька,43.52166974858646
29256.6,1.0,978.5,1.0,5.0,1996.3073852295408,80.16498316498317,42.613882863340564,15.907786885245901,Червоноткацька,21.643313416396705
166000.0,1.0,3532.0,2.0,9.0,1996.3073852295408,47.0,22.0,16.0,Златоустівська,9.0
115000.0,4.0,1369.0,5.0,9.0,1970.0,84.0,35.0,9.0,Бойченка,40.0
298000.0,3.0,2249.0,11.0,23.0,2016.0,80.16498316498317,42.613882863340564,15.907786885245901,Трускавецька,21.643313416396705
43100.0,1.0,1390.0,8.0,26.0,2018.0,31.0,16.0,5.0,Каховська,10.0
179900.0,4.0,1475.0,19.0,27.0,2010.0,122.0,42.613882863340564,15.907786885245901,Лобановського,63.47833025141354
96255.3,1.0,1504.0,9.55521472392638,17.624233128834355,1996.3073852295408,64.0,42.613882863340564,15.907786885245901,Курчатова,5.478330251413535
56500.0,3.0,926.0,6.0,9.0,1970.0,61.0,40.0,7.0,Курчатова,14.0
110000.0,1.0,1930.0,19.0,25.0,2008.0,57.0,42.613882863340564,15.907786885245901,Голосіївська,1.521669748586465
47000.0,1.0,1146.0,5.0,16.0,1990.0,41.0,10.0,16.0,Тираспольська,15.0
90000.0,2.0,2195.0,1.0,9.0,1996.3073852295408,41.0,28.0,6.0,Лаврська,7.0
44980.0,1.0,1249.0,19.0,25.0,2017.0,36.0,16.0,14.0,Правди,6.0
58000.0,4.0,921.0,5.0,9.0,1968.0,63.0,40.0,7.0,Миколайчука,16.0
63000.0,3.0,863.0,5.0,9.0,1982.0,73.0,41.0,9.0,Порика,23.0
136000.0,1.0,3022.0,6.0,23.0,2015.0,45.0,15.0,17.0,Маккейна,13.0
73860.0,2.0,1319.0,5.0,9.0,1996.3073852295408,56.0,30.0,9.0,Йорданська,17.0
160000.0,2.0,2712.0,18.0,24.0,2019.0,59.0,42.613882863340564,20.0,Тютюнника,3.6138828633405637
135000.0,3.0,1588.0,8.0,10.0,2015.0,85.0,49.0,12.0,Регенераторна,24.0
120000.0,1.0,2400.0,12.0,23.0,2015.0,50.0,18.0,15.0,Зарічна,17.0
58990.0,1.0,1450.0,3.0,34.0,1996.3073852295408,80.16498316498317,16.0,10.0,Заболотного,54.16498316498317
90000.0,4.0,1059.0,4.0,10.0,1994.0,85.0,42.613882863340564,15.907786885245901,Курнатовського,26.478330251413535
187000.0,3.0,2082.366467958271,2.0,5.0,1934.0,80.16498316498317,42.613882863340564,15.907786885245901,Інститутська,21.643313416396705
88000.0,2.0,1222.0,16.0,25.0,2020.0,72.0,42.613882863340564,15.0,Маланюка,14.386117136659436
102000.0,2.0,1619.0,10.0,16.0,2019.0,63.0,26.0,22.0,Гречка,15.0
110000.0,1.0,1833.0,14.0,24.0,2018.0,60.0,21.0,15.0,Липківського,24.0
160000.0,2.0,3077.0,3.0,24.0,2015.0,52.0,13.0,18.0,Маккейна,21.0
225000.0,5.0,1500.0,23.0,24.0,2008.0,150.0,78.0,18.0,Григоренка,54.0
75000.0,2.0,1562.0,4.0,9.0,1966.0,48.0,30.0,7.0,Коновальця,11.0
59860.0,3.0,798.0,3.0,9.0,1996.3073852295408,75.0,40.0,9.0,Закревського,26.0
43161.0,2.0,732.0,13.0,18.0,1996.3073852295408,59.0,30.0,16.0,Старонаводницька,13.0
140000.0,2.0,1842.0,13.0,18.0,1991.0,76.0,39.0,15.907786885245901,Старонаводницька,21.0922131147541
78000.0,1.0,1418.0,7.0,26.0,1996.3073852295408,55.0,15.0,18.0,Маланюка,22.0
230000.0,2.0,2771.0,6.0,7.0,1915.0,83.0,45.0,11.0,Заньковецької,27.0
178000.0,2.0,2373.0,2.0,16.0,1996.3073852295408,75.0,42.613882863340564,21.0,Кудрявська,11.386117136659436
63000.0,3.0,900.0,23.0,23.0,1996.3073852295408,70.0,35.0,14.0,Українки,21.0
495000.0,3.0,4420.0,11.0,32.0,2017.0,112.0,45.0,54.0,Українки,13.0
45900.0,2.0,478.0,31.0,34.0,1996.3073852295408,96.0,62.0,16.0,Милославська,18.0
33000.0,1.0,1000.0,14.0,24.0,1996.3073852295408,33.0,16.0,5.0,Милославська,12.0
66500.0,3.0,1147.0,3.0,5.0,1961.0,58.0,42.0,7.0,Донця,9.0
119900.0,3.0,1462.0,8.0,12.0,2002.0,82.0,48.0,14.0,Верховинця,20.0
145000.0,4.0,1381.0,1.0,9.0,1977.0,105.0,80.0,12.0,Героїв Дніпра,13.0
118000.0,3.0,1494.0,17.0,25.0,2018.0,79.0,36.0,35.0,Каховська,8.0
41000.0,1.0,1323.0,21.0,26.0,2018.0,31.0,12.0,8.0,Каховська,11.0
59899.0,2.0,1070.0,8.0,10.0,1995.0,56.0,34.0,8.0,Вишняківська,14.0
177000.0,2.0,2565.0,3.0,4.0,1996.3073852295408,69.0,41.0,8.0,Липська,20.0
63000.0,1.0,1286.0,11.0,25.0,2019.0,49.0,16.0,16.0,Сверстюка,17.0
499000.0,3.0,4229.0,9.55521472392638,17.624233128834355,1996.3073852295408,118.0,42.613882863340564,15.907786885245901,Драгомирова,59.47833025141354
49500.0,1.0,1269.0,19.0,26.0,1996.3073852295408,39.0,17.0,11.0,Причальна,11.0
275000.0,2.0,4435.0,22.0,28.0,2013.0,62.0,30.0,20.0,Болсуновська,12.0
93000.0,3.0,1336.0,13.0,14.0,1994.0,80.16498316498317,48.0,15.907786885245901,Повітрофлотський,16.25719627973727
87500.0,2.0,1306.0,20.0,25.0,2015.0,67.0,37.0,14.0,Драгоманова,16.0
110000.0,3.0,1325.0,4.0,24.0,2008.0,83.0,42.613882863340564,30.0,Григоренка,10.386117136659436
900000.0,4.0,3600.0,23.0,24.0,2012.0,250.0,42.613882863340564,15.907786885245901,Дніпровська,191.47833025141352
86000.0,1.0,2205.0,3.0,8.0,2014.0,39.0,42.613882863340564,15.907786885245901,Жабаєва,19.521669748586465
335000.0,3.0,2577.0,9.0,14.0,2014.0,130.0,60.0,60.0,Філатова,10.0
67000.0,2.0,971.0,3.0,26.0,2021.0,69.0,25.0,21.0,Правди,23.0
90000.0,2.0,1800.0,4.0,4.0,1896.0,50.0,42.613882863340564,6.0,Малопідвальна,1.3861171366594363
101500.0,1.0,2307.0,8.0,11.0,1996.3073852295408,44.0,22.0,13.0,Бойчука,9.0
104000.0,3.0,1169.0,18.0,26.0,1996.3073852295408,89.0,42.613882863340564,40.0,Зарічна,6.386117136659436
190000.0,2.0,3167.0,9.0,21.0,2017.0,60.0,42.613882863340564,25.0,Предславинська,7.613882863340564
3600000.0,6.0,8000.0,25.0,25.0,2011.0,450.0,288.0,45.0,Івана Мазепи,117.0
63000.0,2.0,1033.0,10.0,26.0,1996.3073852295408,61.0,28.0,12.0,Радченка,21.0
680000.0,7.0,2369.0,21.0,21.0,2010.0,287.0,177.0,15.907786885245901,Лабораторний,94.0922131147541
139000.0,2.0,1829.0,20.0,21.0,2018.0,76.0,31.0,19.0,Конєва,26.0
347700.0,4.0,1900.0,4.0,25.0,2011.0,183.0,100.0,17.0,Шаповала,66.0
85000.0,2.0,1328.0,4.0,24.0,1996.3073852295408,64.0,30.0,20.0,Дніпровська,14.0
35600.0,1.0,989.0,10.0,26.0,1996.3073852295408,36.0,15.0,12.0,Клеманська,9.0
85000.0,3.0,1133.0,9.0,15.0,1999.0,75.0,42.0,8.0,Григоренка,25.0
46000.0,1.0,1022.0,4.0,5.0,1963.0,45.0,42.613882863340564,10.0,Туполєва,7.613882863340564
125000.0,2.0,2358.0,3.0,4.0,1860.0,53.0,42.0,5.0,Хмельницького,6.0
530000.0,3.0,3926.0,4.0,15.0,2017.0,135.0,50.0,40.0,Саперне Поле,45.0
229000.0,3.0,2140.0,7.0,25.0,2007.0,107.0,50.0,15.907786885245901,Героїв Сталінграда,41.0922131147541
117000.0,3.0,1401.0,14.0,26.0,1996.3073852295408,80.16498316498317,42.613882863340564,15.907786885245901,Дніпровська,21.643313416396705
110000.0,2.0,2000.0,3.0,9.0,1971.0,55.0,42.613882863340564,15.907786885245901,Тарасівська,3.521669748586465
92900.0,3.0,1021.0,4.0,5.0,1956.0,91.0,56.0,11.0,Краківська,24.0
77500.0,1.0,1845.0,5.0,9.0,2018.0,42.0,17.0,15.0,Юнацька,10.0
40500.0,1.0,1067.0,4.0,26.0,1996.3073852295408,80.16498316498317,42.613882863340564,15.907786885245901,Клеманська,21.643313416396705
136000.0,3.0,1462.0,2.0,16.0,1998.0,93.0,50.0,28.0,Героїв Сталінграда,15.0
220000.0,2.0,2619.0,3.0,8.0,1948.0,84.0,52.0,13.0,Драгоманова,19.0
125000.0,3.0,1147.0,23.0,26.0,2011.0,109.0,83.0,16.0,Драгоманова,10.0
100000.0,2.0,1818.0,9.55521472392638,17.624233128834355,1958.0,55.0,42.613882863340564,15.907786885245901,Українки,3.521669748586465
80000.0,1.0,2581.0,22.0,25.0,2018.0,31.0,14.0,14.0,Тимошенка,3.0
57000.0,3.0,851.0,5.0,9.0,1985.0,67.0,42.613882863340564,15.907786885245901,Маяковського,8.478330251413535
170000.0,2.0,1932.0,3.0,9.0,2005.0,88.0,44.0,22.0,Дмитрівська,22.0
59750.0,2.0,996.0,14.0,15.0,1980.0,60.0,53.0,10.0,Курбаса,3.0
42678.6,1.0,1094.3,16.0,16.0,1996.3073852295408,39.0,12.0,14.0,Комарова,13.0
92000.0,2.0,1227.0,2.0,25.0,2015.0,75.0,38.0,15.0,Драгоманова,22.0
115000.0,2.0,1597.0,4.0,32.0,2019.0,72.0,42.613882863340564,14.0,Драгомирова,15.386117136659436
54000.0,1.0,1227.0,18.0,25.0,2019.0,44.0,42.613882863340564,15.907786885245901,Моторний,14.521669748586465
45500.0,1.0,929.0,2.0,9.0,1995.0,49.0,14.0,24.0,Милославська,11.0
91500.0,1.0,2288.0,11.0,11.0,2020.0,40.0,20.0,12.0,Бойчука,8.0
60500.0,3.0,818.0,4.0,9.0,1990.0,74.0,42.613882863340564,15.907786885245901,Закревського,15.478330251413535
250000.0,1.0,4630.0,7.0,25.0,2019.0,54.0,15.0,20.0,Івана Федорова,19.0
78000.0,2.0,1773.0,3.0,9.0,1966.0,44.0,42.613882863340564,15.907786885245901,Філатова,14.521669748586465
84999.0,4.0,885.0,7.0,16.0,1986.0,96.0,42.613882863340564,13.0,Миропільська,40.386117136659436
83000.0,3.0,856.0,1.0,22.0,2007.0,97.0,65.0,14.0,Григоренка,18.0
129999.0,2.0,2063.0,6.0,9.0,2018.0,63.0,30.0,15.0,Юнацька,18.0
70000.0,3.0,729.0,4.0,4.0,1946.0,96.0,42.613882863340564,15.907786885245901,Вишгородська,37.47833025141354
36000.0,1.0,1200.0,5.0,9.0,1996.3073852295408,30.0,13.0,10.0,Жолудєва,7.0
210000.0,3.0,1409.0,7.0,12.0,2001.0,149.0,87.0,16.0,Павлівська,46.0
85900.0,3.0,1263.0,6.0,8.0,1964.0,68.0,47.0,6.0,Голосіївський,15.0
108000.0,1.0,2160.0,2.0,25.0,2019.0,50.0,30.0,10.0,Осокорська,10.0
120000.0,3.0,1395.0,10.0,24.0,1996.3073852295408,86.0,40.0,17.0,Вишгородська,29.0
221000.0,2.0,3400.0,8.0,10.0,1996.3073852295408,65.0,42.613882863340564,15.907786885245901,Драгомирова,6.478330251413535
60000.0,1.0,1818.0,5.0,5.0,1962.0,33.0,42.613882863340564,16.0,Тютюнника,25.613882863340564
165000.0,2.0,2845.0,6.0,24.0,2015.0,58.0,25.0,22.0,Маккейна,11.0
200000.0,5.0,1481.0,4.0,4.0,1917.0,135.0,42.613882863340564,15.907786885245901,Івана Мазепи,76.47833025141354
145000.0,2.0,1933.0,5.0,24.0,2007.0,75.0,44.0,14.0,Героїв Сталінграда,17.0
199000.0,3.0,2488.0,2.0,25.0,2018.0,80.0,33.0,22.0,Липківського,25.0
186117.4,1.0,3579.2,9.55521472392638,17.624233128834355,1996.3073852295408,52.0,42.613882863340564,15.907786885245901,Коновальця,6.521669748586465
199000.0,2.0,2073.0,10.0,25.0,2005.0,96.0,43.0,16.0,Коновальця,37.0
50700.0,1.0,1300.0,6.0,14.0,2019.0,39.0,25.0,8.0,Максимовича,6.0
185000.0,2.0,2256.0,5.0,21.0,2015.0,82.0,61.0,12.0,Зарічна,9.0
152000.0,2.0,1667.0,24.0,25.0,2008.0,80.16498316498317,41.0,15.907786885245901,Голосіївська,23.25719627973727
92000.0,3.0,965.0,1.0,25.0,1996.3073852295408,80.16498316498317,48.0,16.0,Ясинуватський,16.16498316498317
49387.4,1.0,881.9,9.55521472392638,17.624233128834355,1996.3073852295408,56.0,42.613882863340564,15.907786885245901,Колоса,2.521669748586465
56500.0,1.0,1749.0,5.0,7.0,2019.0,80.16498316498317,21.0,5.0,Колоса,54.16498316498317
80000.0,1.0,2105.0,11.0,21.0,2017.0,38.0,12.0,15.0,Правди,11.0
480000.0,4.0,2609.0,5.0,6.0,1915.0,184.0,108.0,34.0,Велика Васильківська,42.0
59000.0,2.0,1157.0,2.0,12.0,1981.0,51.0,42.613882863340564,15.907786885245901,Голосіївський,7.521669748586465
149632.1,1.0,3183.6,9.55521472392638,17.624233128834355,1996.3073852295408,47.0,42.613882863340564,15.907786885245901,Бойчука,11.521669748586465
147075.0,2.0,2228.0,9.0,11.0,1996.3073852295408,66.0,42.613882863340564,15.907786885245901,Бойчука,7.478330251413535
86860.0,2.0,905.0,10.0,10.0,2017.0,96.0,44.0,23.0,Центральна,29.0
97000.0,2.0,1260.0,16.0,22.0,2018.0,77.0,42.613882863340564,15.907786885245901,Ясинуватський,18.478330251413535
55000.0,2.0,1222.0,13.0,16.0,1980.0,45.0,42.613882863340564,11.0,Райдужна,8.613882863340564
138000.0,2.0,1811.0,3.0,15.0,2014.0,80.16498316498317,42.613882863340564,15.907786885245901,Ломоносова,21.643313416396705
105000.0,2.0,1504.0,4.0,25.0,2014.0,80.16498316498317,42.613882863340564,15.907786885245901,Гусовського,21.643313416396705
66016.1,1.0,1784.2,9.55521472392638,17.624233128834355,1996.3073852295408,37.0,42.613882863340564,15.907786885245901,Гусовського,21.521669748586465
284000.0,2.0,2812.0,7.0,11.0,2004.0,101.0,42.613882863340564,15.907786885245901,Гусовського,42.47833025141354
155000.0,3.0,1550.0,13.0,23.0,2006.0,100.0,42.613882863340564,15.907786885245901,Окіпної,41.47833025141354
49899.0,1.0,1386.0,1.0,9.0,1978.0,36.0,18.0,7.0,Багговутівська,11.0
95000.0,2.0,1696.0,9.0,9.0,1966.0,56.0,34.0,8.0,Дружби Народів,14.0
380000.0,3.0,3585.0,9.0,21.0,2019.0,106.0,42.613882863340564,15.907786885245901,Маккейна,47.47833025141354
46000.0,2.0,913.0,1.0,4.0,1996.3073852295408,80.16498316498317,30.0,12.0,Маланюка,38.16498316498317
60150.0,1.0,1504.0,21.0,26.0,1996.3073852295408,40.0,14.0,20.0,Михайла Котельникова,6.0
185000.0,3.0,1745.0,8.0,25.0,2016.0,106.0,42.613882863340564,38.0,Героїв Севастополя,25.386117136659436
81000.0,2.0,964.0,18.0,26.0,2020.0,84.0,37.0,17.0,Маланюка,30.0
620000.0,3.0,4769.0,4.0,15.0,2017.0,130.0,66.0,16.0,Саперне Поле,48.0
48700.0,1.0,991.0,19.0,25.0,1996.3073852295408,80.16498316498317,42.613882863340564,15.907786885245901,Балтійський,21.643313416396705
234000.0,3.0,2000.0,7.0,15.0,1996.3073852295408,117.0,76.0,12.0,Кудрявська,29.0
135000.0,2.0,2523.0,28.0,34.0,2018.0,80.16498316498317,42.613882863340564,15.907786885245901,Перемоги,21.643313416396705
130000.0,2.0,2600.0,1.0,5.0,1964.0,50.0,42.613882863340564,12.0,Німанська,4.613882863340564
54100.0,1.0,1339.0,4.0,26.0,2018.0,80.16498316498317,42.613882863340564,15.907786885245901,Каховська,21.643313416396705
239000.0,3.0,3025.0,3.0,7.0,1954.0,79.0,44.0,13.0,Малопідвальна,22.0
140000.0,2.0,2188.0,10.0,14.0,1996.3073852295408,64.0,34.0,15.0,Невська,15.0
128000.0,2.0,2612.0,5.0,14.0,2015.0,49.0,14.0,17.0,Златоустівська,18.0
31000.0,1.0,1107.0,9.0,9.0,1986.0,28.0,13.0,6.0,Берковецька,9.0
41187.0,1.0,936.0,3.0,13.0,1996.3073852295408,44.0,19.0,11.0,Берковецька,14.0
120000.0,3.0,1188.0,11.0,16.0,1998.0,101.0,42.613882863340564,14.0,Бажана,44.386117136659436
740000.0,1.0,2772.0,20.0,24.0,2019.0,267.0,150.0,75.0,Антоновича,42.0
180000.0,3.0,2400.0,3.0,8.0,1990.0,75.0,41.0,9.0,Гречка,25.0
63000.0,3.0,900.0,1.0,9.0,1973.0,70.0,41.0,8.0,Гречка,21.0
126000.0,2.0,1658.0,15.0,32.0,2020.0,76.0,41.0,14.0,Микільсько-Слобідська,21.0
80000.0,2.0,1067.0,6.0,26.0,1996.3073852295408,75.0,27.0,21.0,Правди,27.0
98000.0,1.0,1750.0,9.55521472392638,17.624233128834355,2018.0,56.0,22.0,19.0,Тимошенка,15.0
150000.0,2.0,1807.0,16.0,23.0,2003.0,83.0,42.613882863340564,15.907786885245901,Павла Тичини,24.478330251413535
100000.0,3.0,1000.0,8.0,17.0,2003.0,100.0,64.0,14.0,Олевська,22.0
120000.0,3.0,1237.0,2.0,21.0,2016.0,97.0,52.0,20.0,Освіти,25.0
41000.0,1.0,1464.0,9.0,9.0,1969.0,28.0,17.0,5.0,Іллєнка,6.0
135000.0,1.0,1552.0,15.0,22.0,2012.0,87.0,15.0,40.0,Дніпровська,32.0
155000.0,3.0,1742.0,4.0,4.0,1917.0,89.0,42.613882863340564,13.0,Івана Мазепи,33.386117136659436
90000.0,3.0,1286.0,5.0,16.0,1974.0,70.0,46.0,7.0,Українки,17.0
132000.0,2.0,1347.0,1.0,6.0,2016.0,98.0,32.0,18.0,Данченка,48.0
230000.0,2.236607142857143,4600.0,9.55521472392638,17.624233128834355,1996.3073852295408,50.0,42.613882863340564,15.907786885245901,Драгомирова,8.521669748586465
185000.0,3.0,2011.0,18.0,25.0,2017.0,92.0,42.613882863340564,15.907786885245901,Тбіліський,33.47833025141354
70500.0,2.0,1203.0,20.0,26.0,2020.0,80.16498316498317,28.0,15.907786885245901,Каховська,36.25719627973727
87000.0,3.0,915.0,9.0,19.0,2019.0,80.16498316498317,52.0,15.907786885245901,Ушинського,12.257196279737268
185000.0,3.0,1637.0,8.0,24.0,2007.0,113.0,42.613882863340564,15.907786885245901,Урлівська,54.47833025141354
49860.0,2.0,997.0,2.0,9.0,1974.0,50.0,30.0,6.0,Світлицького,14.0
100000.0,2.0,1408.0,15.0,23.0,2007.0,71.0,30.0,12.0,Дніпровська,29.0
90000.0,1.0,1800.0,3.0,25.0,1996.3073852295408,50.0,25.0,15.907786885245901,Липківського,9.092213114754099
152000.0,2.0,1949.0,14.0,30.0,2020.0,78.0,37.0,12.0,Микільсько-Слобідська,29.0
159900.0,3.0,1259.0,15.0,25.0,2007.0,127.0,77.0,15.907786885245901,Лобановського,34.0922131147541
280000.0,3.0,2137.0,8.0,9.0,2005.0,131.0,75.0,25.0,Героїв Сталінграда,31.0
85000.0,1.0,1545.0,6.0,25.0,2007.0,55.0,24.0,13.0,Дніпровська,18.0
67000.0,2.0,1098.0,13.0,15.0,1994.0,61.0,31.0,9.0,Драгоманова,21.0
59000.0,1.0,1224.0,16.0,25.0,2010.0,80.16498316498317,42.613882863340564,15.907786885245901,Ахматової,21.643313416396705
420000.0,2.0,4667.0,5.0,18.0,2017.0,90.0,42.613882863340564,15.907786885245901,Саперне Поле,31.478330251413535
65000.0,2.0,1048.0,15.0,17.0,2018.0,62.0,34.0,12.0,Данченка,16.0
63000.0,3.0,1125.0,5.0,5.0,1965.0,56.0,42.0,6.0,Голосіївський,8.0
95000.0,1.0,2568.0,5.0,11.0,1967.0,37.0,22.0,7.0,Глибочицька,8.0
100000.0,2.0,1562.0,8.0,20.0,1996.3073852295408,64.0,31.0,18.0,Глибочицька,15.0
165000.0,4.0,1213.0,11.0,12.0,2019.0,136.0,100.0,30.0,Багговутівська,6.0
150000.0,3.0,2239.0,3.0,5.0,1917.0,67.0,42.0,15.907786885245901,Саксаганського,9.092213114754099
64000.0,2.0,914.0,7.0,25.0,1996.3073852295408,70.0,36.0,10.0,Моторний,24.0
295000.0,2.0,4275.0,5.0,15.0,2019.0,69.0,49.0,20.0,Саперне Поле,0.0
55000.0,1.0,965.0,10.0,25.0,2018.0,57.0,20.0,16.0,Вернадського,21.0
79900.0,3.0,1051.0,7.0,10.0,1997.0,76.0,40.0,12.0,Курбаса,24.0
100000.0,1.0,2273.0,3.0,11.0,2019.0,44.0,42.613882863340564,10.0,Багговутівська,8.613882863340564
122000.0,2.0,1679.0,4.0,9.0,1996.3073852295408,80.16498316498317,42.613882863340564,15.907786885245901,Набережно-Рибальська,21.643313416396705
145000.0,2.0,1933.0,4.0,4.0,1899.0,75.0,42.0,10.0,Саксаганського,23.0
133000.0,3.0,1385.0,20.0,25.0,2015.0,96.0,50.0,16.0,Малиновського,30.0
143000.0,3.0,1486.0,4.0,9.0,2011.0,80.16498316498317,40.0,30.0,Протасів Яр,10.16498316498317
62000.0,2.0,1378.0,2.0,5.0,1968.0,45.0,30.0,7.0,Німанська,8.0
95000.0,3.0,1397.0,3.0,9.0,1996.3073852295408,68.0,40.0,8.0,Підвисоцького,20.0
38000.0,1.0,1152.0,4.0,9.0,1970.0,33.0,17.0,8.0,Зодчих,8.0
52500.0,2.0,1050.0,9.0,9.0,1973.0,50.0,30.0,15.907786885245901,Рокосовського,4.092213114754099
229000.0,2.0,3181.0,5.0,6.0,1935.0,72.0,42.0,10.0,Шовковична,20.0
62000.0,1.0,1550.0,7.0,26.0,2017.0,40.0,17.0,11.0,Крушельницької,12.0
70000.0,2.0,1006.0,23.0,25.0,1996.3073852295408,80.16498316498317,42.613882863340564,15.907786885245901,Новопольова,21.643313416396705
45000.0,1.0,1125.0,11.0,26.0,1996.3073852295408,40.0,17.0,10.0,Визволителів,13.0
70000.0,3.0,875.0,5.0,6.0,1996.3073852295408,80.0,54.0,8.0,Сонячна,18.0
158000.0,2.0,2135.0,24.0,25.0,2014.0,74.0,38.0,15.0,Сікорського,21.0
58900.0,2.0,950.0,14.0,25.0,1996.3073852295408,62.0,42.613882863340564,12.0,Радченка,7.386117136659436
104700.0,1.0,2380.0,14.0,19.0,2020.0,44.0,18.0,11.0,Бульварно-Кудрявська,15.0
37000.0,1.0,925.0,11.0,25.0,1996.3073852295408,40.0,42.613882863340564,10.0,Кайсарова,12.613882863340564
46000.0,3.0,767.0,1.0,5.0,1965.0,60.0,40.0,8.0,Перова,12.0
150000.0,3.0,1500.0,4.0,25.0,2016.0,100.0,53.0,15.0,Глушкова,32.0
120000.0,2.0,1379.0,20.0,25.0,2013.0,87.0,40.0,20.0,Саперно-Слобідська,27.0
38000.0,1.0,1118.0,4.0,9.0,1979.0,34.0,18.0,7.0,Миколи Кибальчича,9.0
45000.0,3.0,750.0,9.0,9.0,1980.0,60.0,40.0,7.0,Миколи Ушакова,13.0
250000.0,3.0,1538.0,10.0,22.0,2001.0,80.16498316498317,50.0,20.0,Антоновича,10.16498316498317
185000.0,3.0,1745.0,18.0,25.0,2014.0,106.0,42.613882863340564,15.907786885245901,Богданівська,47.47833025141354
68000.0,2.0,1030.0,10.0,26.0,2020.0,66.0,27.0,24.0,Сверстюка,15.0
57000.0,1.0,1295.0,9.0,25.0,2019.0,44.0,42.613882863340564,16.0,Сверстюка,14.613882863340564
52500.0,2.0,721.0,7.0,25.0,2021.0,80.16498316498317,30.0,18.0,Ревуцького,32.16498316498317
250000.0,4.0,1923.0,7.0,22.0,2010.0,130.0,50.0,50.0,Ованеса Туманяна,30.0
540000.0,4.0,4000.0,4.0,14.0,2019.0,135.0,42.613882863340564,15.907786885245901,Саперне Поле,76.47833025141354
120000.0,3.0,945.0,12.0,16.0,1997.0,127.0,42.613882863340564,14.0,Григоренка,70.38611713665944
55999.0,1.0,1400.0,13.0,14.0,2020.0,40.0,22.0,6.0,Гречка,12.0
68800.0,3.0,1110.0,2.0,12.0,1977.0,62.0,40.0,8.0,Богатирська,14.0
120000.0,2.0,2400.0,19.0,22.0,2009.0,50.0,42.613882863340564,15.907786885245901,Білоруська,8.521669748586465
94000.0,1.0,2043.0,1.0,9.0,1996.3073852295408,46.0,42.613882863340564,15.907786885245901,Регенераторна,12.521669748586465
65500.0,1.0,1770.0,20.0,27.0,2019.0,37.0,14.0,9.0,Вишняківська,14.0
50000.0,2.0,1087.0,16.0,16.0,1982.0,46.0,26.0,8.0,Гонгадзе,12.0
52500.0,1.0,1117.0,15.0,25.0,2019.0,47.0,15.0,18.0,Правди,14.0
64980.0,4.0,812.0,4.0,9.0,1969.0,80.0,56.0,7.0,Кольцова,17.0
115000.0,2.0,1643.0,13.0,17.0,2014.0,70.0,32.0,12.0,Воскресенська,26.0
200000.0,2.0,2564.0,14.0,20.0,2005.0,78.0,38.0,19.0,Руставелі,21.0
484000.0,2.0,3569.0,2.0,24.0,2010.0,80.16498316498317,42.613882863340564,15.907786885245901,Голосіївський,21.643313416396705
79000.0,1.0,1775.0,5.0,18.0,2015.0,80.16498316498317,42.613882863340564,15.0,Комбінатна,22.551100301642606
45000.0,2.0,1000.0,5.0,5.0,1960.0,45.0,31.0,6.0,Салютна,8.0
91999.0,3.0,1000.0,1.0,5.0,1958.0,92.0,48.0,27.0,Ромоданова,17.0
128000.0,1.0,2510.0,2.0,9.0,2015.0,51.0,15.0,25.0,Саперне Поле,11.0
38700.0,1.0,900.0,18.0,25.0,1996.3073852295408,43.0,15.0,16.0,Сім’ї Кульженків,12.0
95000.0,2.0,1557.0,3.0,5.0,1960.0,61.0,42.613882863340564,15.907786885245901,Лабораторна,2.478330251413535
77000.0,1.0,1426.0,16.0,24.0,2015.0,54.0,22.0,11.0,Драгоманова,21.0
52990.0,1.0,1162.0,7.0,22.0,1996.3073852295408,80.16498316498317,19.0,20.0,Кудрявська,41.16498316498317
330000.0,3.0,2357.0,2.0,9.0,2000.0,140.0,42.613882863340564,15.907786885245901,Кудрявська,81.47833025141354
83000.0,2.0,1107.0,10.0,26.0,2019.0,75.0,30.0,27.0,Краківська,18.0
105000.0,2.0,1721.0,12.0,12.0,2008.0,61.0,27.0,26.0,Кольцова,8.0
225000.0,2.0,4500.0,8.0,23.0,2019.0,50.0,42.613882863340564,15.907786885245901,Антоновича,8.521669748586465
62000.0,2.0,954.0,3.0,19.0,2001.0,65.0,42.613882863340564,15.907786885245901,Лариси Руденко,6.478330251413535
90000.0,4.0,811.0,1.0,14.0,2008.0,111.0,72.0,12.0,Івана Пулюя,27.0
215000.0,3.0,2389.0,2.0,5.0,1959.0,90.0,40.0,10.0,Українки,40.0
137000.0,3.0,1575.0,1.0,9.0,1970.0,87.0,59.0,13.0,Тютюнника,15.0
36000.0,1.0,1000.0,9.0,9.0,1980.0,36.0,19.0,7.0,Юрія Смолича,10.0
195000.0,4.0,1931.0,6.0,24.0,2014.0,101.0,70.0,15.0,Оболонський,16.0
60000.0,3.0,882.0,7.0,16.0,1975.0,68.0,44.0,8.0,Курбаса,16.0
87000.0,2.0,1338.0,16.0,17.0,2002.0,65.0,42.613882863340564,13.0,Верховинця,9.386117136659436
210000.0,2.0,2442.0,9.0,23.0,2012.0,86.0,42.0,21.0,Дніпровська,23.0
135000.0,2.0,1776.0,11.0,25.0,2011.0,76.0,45.0,12.0,Коломийський,19.0
84000.0,3.0,944.0,8.0,26.0,1996.3073852295408,89.0,43.0,18.0,Правди,28.0
160000.0,3.0,2000.0,21.0,25.0,2018.0,80.0,42.613882863340564,15.907786885245901,Каховська,21.478330251413535
292000.0,3.0,2454.0,10.0,11.0,1996.3073852295408,119.0,42.613882863340564,17.0,Бойчука,59.386117136659436
53000.0,1.0,1104.0,8.0,25.0,1996.3073852295408,48.0,14.0,19.0,Правди,15.0
115000.0,1.0,2738.0,6.0,24.0,2019.0,42.0,42.613882863340564,15.907786885245901,Маккейна,16.521669748586465
90900.0,1.0,1748.0,14.0,36.0,1996.3073852295408,52.0,42.613882863340564,14.0,Перемоги,4.613882863340564
2100000.0,3.0,7292.0,7.0,11.0,2007.0,288.0,150.0,35.0,Грушевського,103.0
980000.0,6.0,2761.0,7.0,7.0,2010.0,355.0,320.0,33.0,Срібнокільська,2.0
91260.0,1.0,1738.0,29.0,36.0,1996.3073852295408,80.16498316498317,17.0,15.907786885245901,Перемоги,47.25719627973727
118000.0,2.0,1573.0,16.0,22.0,2010.0,75.0,32.0,12.0,Урлівська,31.0
84100.0,2.0,1294.0,22.0,32.0,1996.3073852295408,65.0,34.0,14.0,Заболотного,17.0
79700.0,1.0,2952.0,23.0,23.0,2012.0,27.0,15.0,5.0,Максимовича,7.0
220000.0,4.0,1746.0,16.0,23.0,2004.0,126.0,80.0,15.907786885245901,Бажана,30.0922131147541
155000.0,2.0,2214.0,9.0,10.0,2014.0,70.0,42.613882863340564,15.907786885245901,Сікорського,11.478330251413535
40000.0,1.0,1176.0,10.0,16.0,1973.0,34.0,42.613882863340564,8.0,Курбаса,16.613882863340564
68500.0,1.0,1593.0,11.0,27.0,1996.3073852295408,43.0,14.0,16.0,Дніпровська,13.0
720000.0,4.0,4500.0,9.55521472392638,17.624233128834355,1996.3073852295408,160.0,42.613882863340564,15.907786885245901,Драгомирова,101.47833025141354
64000.0,2.0,1231.0,3.0,12.0,1983.0,52.0,30.0,9.0,Антонова,13.0
44000.0,2.0,1023.0,5.0,5.0,1960.0,43.0,27.0,6.0,Антонова,10.0
63000.0,3.0,1086.0,7.0,9.0,1996.3073852295408,58.0,40.0,7.0,Бучми,11.0
64500.0,3.0,935.0,7.0,9.0,1970.0,69.0,45.0,10.0,Кубанської України,14.0
249999.0,3.0,2500.0,17.0,25.0,2017.0,100.0,42.613882863340564,15.907786885245901,Панельна,41.47833025141354
270000.0,4.0,1525.0,17.0,25.0,2005.0,177.0,112.0,18.0,Коновальця,47.0
52000.0,1.0,1238.0,4.0,4.0,1996.3073852295408,42.0,17.0,14.0,Богатирська,11.0
50000.0,1.0,1562.0,9.0,9.0,1977.0,32.0,17.0,7.0,Оболонський,8.0
465000.0,4.0,3019.0,18.0,25.0,2005.0,154.0,42.613882863340564,15.907786885245901,Українки,95.47833025141354
125000.0,3.0,1623.0,3.0,24.0,2015.0,77.0,42.0,15.907786885245901,Бориса Гмирі,19.0922131147541
84000.0,2.0,1000.0,19.0,25.0,1996.3073852295408,84.0,37.0,23.0,Правди,24.0
69000.0,1.0,1643.0,8.0,10.0,2018.0,42.0,12.0,20.0,Центральна,10.0
70000.0,2.0,1446.0,6.0,9.0,1968.0,80.16498316498317,30.0,8.0,Преображенська,42.16498316498317
260000.0,4.0,1781.0,24.0,24.0,2018.0,146.0,42.613882863340564,15.907786885245901,Коновальця,87.47833025141354
124860.0,2.0,2230.0,5.0,5.0,1959.0,56.0,30.0,9.0,Українки,17.0
135000.0,4.0,1688.0,5.0,5.0,1959.0,80.0,55.0,15.0,Велика Васильківська,10.0
170000.0,3.0,2068.0,4.0,5.0,1910.0,80.16498316498317,42.613882863340564,15.907786885245901,Велика Васильківська,21.643313416396705
84000.0,1.0,1680.0,12.0,26.0,2018.0,50.0,16.0,16.0,Липківського,18.0
612500.0,5.0,2300.0,10.0,11.0,1996.3073852295408,80.16498316498317,42.613882863340564,38.0,Бойчука,0.4488996983573941
46500.0,2.0,1257.0,5.0,5.0,1962.0,37.0,22.0,7.0,Васильківська,8.0
129000.0,3.0,1162.0,21.0,25.0,2007.0,111.0,58.0,14.0,Данькевича,39.0
89332.9,3.0,1146.5,1.0,4.0,1996.3073852295408,80.16498316498317,42.613882863340564,15.907786885245901,Богатирська,21.643313416396705
99000.0,3.0,1375.0,9.0,10.0,1977.0,72.0,42.613882863340564,15.907786885245901,Українки,13.478330251413535
117000.0,3.0,1603.0,9.0,16.0,1996.3073852295408,73.0,29.0,11.0,Гречка,33.0
1035900.0,5.0,4504.0,4.0,8.0,2016.0,230.0,75.0,78.0,Редутна,77.0
132000.0,3.0,1650.0,22.0,24.0,2015.0,80.0,42.613882863340564,15.907786885245901,Бориса Гмирі,21.478330251413535
340000.0,3.0,2833.0,2.0,18.0,2010.0,120.0,42.613882863340564,20.0,Драгомирова,57.386117136659436
31000.0,1.0,1192.0,2.0,5.0,1965.0,26.0,42.613882863340564,6.0,Туполєва,22.613882863340564
55000.0,3.0,859.0,1.0,9.0,1971.0,64.0,41.0,15.907786885245901,Кондратюка,7.092213114754099
43000.0,2.0,915.0,1.0,9.0,1971.0,47.0,30.0,7.0,Мінський,10.0
235000.0,4.0,1728.0,8.0,24.0,2007.0,136.0,81.0,17.0,Княжий Затон,38.0
105900.0,1.0,1925.0,22.0,26.0,2016.0,55.0,42.613882863340564,15.907786885245901,Герцена,3.521669748586465
49700.0,1.0,1012.0,19.0,25.0,2020.0,80.16498316498317,18.0,18.0,Балтійський,44.16498316498317
110000.0,3.0,1000.0,10.0,17.0,2010.0,110.0,61.0,16.0,Ернста,33.0
275000.0,2.0,3929.0,6.0,25.0,2010.0,70.0,42.613882863340564,25.0,Шаповала,2.3861171366594363
220000.0,2.0,3607.0,2.0,5.0,1996.3073852295408,61.0,30.0,10.0,Городецького,21.0
30000.0,1.0,602.0,22.0,25.0,1996.3073852295408,80.16498316498317,42.613882863340564,15.907786885245901,Сім'ї Сосніних,21.643313416396705
140000.0,1.0,2729.0,10.0,12.0,1996.3073852295408,80.16498316498317,42.613882863340564,15.907786885245901,Івана Мазепи,21.643313416396705
132500.0,2.0,1636.0,15.0,22.0,2012.0,81.0,37.0,16.0,Червоноткацька,28.0
50000.0,1.0,1667.0,5.0,5.0,1962.0,30.0,16.0,5.0,Голосіївська,9.0
225000.0,3.0,2022.0,11.0,25.0,2008.0,80.16498316498317,42.613882863340564,15.907786885245901,Голосіївська,21.643313416396705
165000.0,2.0,2324.0,2.0,4.0,1895.0,71.0,47.0,8.0,Миколи Гулака,16.0
65000.0,2.0,970.0,24.0,25.0,2019.0,67.0,34.0,11.0,Миколи Гулака,22.0
230000.0,2.0,4107.0,3.0,25.0,2019.0,56.0,42.613882863340564,15.907786885245901,Івана Федорова,2.521669748586465
205000.0,1.0,3796.0,13.0,14.0,2017.0,54.0,18.0,25.0,Саперне Поле,11.0
33071.4,1.0,718.9,24.0,25.0,1996.3073852295408,46.0,25.0,12.0,Миколи Хвильового,9.0
777500.0,3.0,4494.0,3.0,13.0,2003.0,173.0,111.0,19.0,Паторжинського,43.0
128500.0,3.0,988.0,23.0,24.0,2014.0,130.0,90.0,15.0,Наумовича,25.0
80000.0,2.0,1404.0,25.0,25.0,2010.0,57.0,24.0,19.0,Калнишевського,14.0
100500.0,2.0,1378.0,16.0,26.0,1996.3073852295408,80.16498316498317,42.613882863340564,15.907786885245901,Дніпровська,21.643313416396705
149000.0,1.0,3170.0,3.0,9.0,1996.3073852295408,47.0,42.613882863340564,15.907786885245901,Електриків,11.521669748586465
95000.0,1.0,2317.0,14.0,25.0,2018.0,41.0,42.613882863340564,15.907786885245901,Солом'янська,17.521669748586465
159000.0,2.0,2446.0,4.0,4.0,1898.0,65.0,15.0,30.0,Шевченка,20.0
68000.0,2.0,1259.0,14.0,16.0,1982.0,54.0,42.613882863340564,15.907786885245901,Озерна,4.521669748586465
89400.0,3.0,1090.0,9.0,15.0,1998.0,82.0,42.0,14.0,Григоренка,26.0
330000.0,3.0,2674.0,4.0,24.0,2016.0,80.16498316498317,56.0,15.907786885245901,Антонова,8.257196279737268
229000.0,3.0,1684.0,2.0,24.0,2013.0,136.0,72.0,20.0,Голосіївський,44.0
67000.0,1.0,1426.0,16.0,16.0,2016.0,47.0,42.613882863340564,15.907786885245901,Комарова,11.521669748586465
66500.0,2.0,1279.0,9.0,10.0,1989.0,52.0,29.0,8.0,Борщагівська,15.0
480000.0,4.0,3200.0,20.0,23.0,2009.0,150.0,84.0,16.0,Шевченка,50.0
74000.0,1.0,1762.0,3.0,16.0,1996.3073852295408,42.0,42.613882863340564,15.907786885245901,Максимовича,16.521669748586465
175000.0,3.0,1842.0,10.0,25.0,2011.0,95.0,52.0,11.0,Ковальський,32.0
159000.0,2.0,2092.0,20.0,24.0,2016.0,76.0,37.0,15.907786885245901,Малевича,23.0922131147541
3200000.0,5.0,9143.0,5.0,5.0,1996.3073852295408,350.0,42.613882863340564,15.907786885245901,Мічуріна,291.4783302514135
380000.0,3.0,1990.0,15.0,47.0,2012.0,191.0,42.613882863340564,15.907786885245901,Балтійський,132.47833025141352
63000.0,2.0,808.0,22.0,25.0,1996.3073852295408,78.0,36.0,12.0,Балтійський,30.0
85000.0,3.0,1104.0,6.0,20.0,1998.0,77.0,45.0,9.0,Азербайджанська,23.0
130032.0,2.236607142857143,1548.0,15.0,25.0,2016.0,84.0,50.0,17.0,Зарічна,17.0
95700.0,3.0,1113.0,25.0,25.0,2016.0,86.0,43.0,12.0,Чавдар,31.0
50000.0,1.0,1316.0,18.0,24.0,2019.0,38.0,17.0,10.0,Правди,11.0
114900.0,3.0,1197.0,12.0,22.0,2006.0,96.0,47.0,14.0,Урлівська,35.0
41500.0,1.0,1092.0,4.0,25.0,1996.3073852295408,38.0,17.0,10.0,Бориспільська,11.0
125000.0,3.0,1302.0,12.0,25.0,2016.0,96.0,46.0,14.0,Поправки,36.0
48000.0,2.0,923.0,7.0,16.0,1996.3073852295408,52.0,42.613882863340564,15.907786885245901,Бориспільська,6.521669748586465
59899.0,2.0,1393.0,9.0,9.0,1967.0,43.0,28.0,7.0,Ентузіастів,8.0
83000.0,1.0,1566.0,10.0,10.0,2017.0,53.0,42.613882863340564,15.907786885245901,Малоземельна,5.521669748586465
335000.0,1.0,4926.0,22.0,32.0,2016.0,68.0,16.0,35.0,Саксаганського,17.0
98500.0,3.0,1449.0,5.0,9.0,1980.0,68.0,43.0,10.0,Героїв Сталінграда,15.0
58000.0,3.0,841.0,9.0,9.0,1971.0,69.0,42.613882863340564,15.907786885245901,Зодчих,10.478330251413535
52000.0,1.0,1576.0,10.0,24.0,2010.0,33.0,15.0,7.0,Калнишевського,11.0
195000.0,2.0,2082.366467958271,9.55521472392638,17.624233128834355,1996.3073852295408,80.16498316498317,42.613882863340564,15.907786885245901,Філатова,21.643313416396705
345000.0,4.0,2054.0,10.0,18.0,2005.0,168.0,89.0,13.0,Старонаводницька,66.0
89900.0,2.0,1138.0,2.0,34.0,1996.3073852295408,79.0,32.0,20.0,Заболотного,27.0
58000.0,1.0,1286.0,24.0,25.0,1996.3073852295408,80.16498316498317,42.613882863340564,15.907786885245901,Правди,21.643313416396705
66500.0,3.0,1023.0,5.0,9.0,1978.0,65.0,42.0,8.0,Антоновича,15.0
290000.0,1.0,6444.0,22.0,24.0,2019.0,45.0,12.0,18.0,Антоновича,15.0
380000.0,4.0,1767.0,3.0,25.0,2011.0,215.0,110.0,40.0,Шаповала,65.0
135000.0,2.0,1800.0,5.0,10.0,2001.0,75.0,27.0,34.0,Деревлянська,14.0
165000.0,3.0,1602.0,9.0,17.0,2011.0,103.0,60.0,25.0,Вільямса,18.0
107000.0,3.0,1189.0,12.0,14.0,2010.0,90.0,52.0,11.0,Васильченка,27.0
139990.0,1.0,3182.0,24.0,24.0,2017.0,44.0,20.0,15.0,Предславинська,9.0
31000.0,1.0,886.0,14.0,25.0,1996.3073852295408,35.0,42.613882863340564,15.907786885245901,Крайня,23.521669748586465
58000.0,2.0,866.0,15.0,25.0,2009.0,67.0,32.0,12.0,Милославська,23.0
145000.0,3.0,1593.0,3.0,25.0,2018.0,91.0,68.0,17.0,Воскресенська,6.0
67900.0,2.0,1235.0,22.0,26.0,1996.3073852295408,55.0,25.0,15.0,Маланюка,15.0
230000.0,3.0,2035.0,12.0,24.0,2007.0,113.0,53.0,15.0,Дніпровська,45.0
240000.0,3.0,2449.0,4.0,5.0,1895.0,98.0,57.0,11.0,Пушкінська,30.0
65280.0,1.0,1200.0,9.55521472392638,17.624233128834355,1996.3073852295408,80.16498316498317,42.613882863340564,15.907786885245901,Набережно-Корчуватська,21.643313416396705
150000.0,2.0,2459.0,23.0,25.0,2015.0,61.0,33.0,9.0,Зарічна,19.0
499990.0,3.0,3125.0,5.0,11.0,2005.0,160.0,42.613882863340564,15.907786885245901,Тургенєвська,101.47833025141354
66624.0,3.0,833.1,13.0,26.0,1996.3073852295408,80.16498316498317,42.613882863340564,15.907786885245901,Радченка,21.643313416396705
140000.0,3.0,1265.0,6.0,9.0,1996.3073852295408,80.16498316498317,42.613882863340564,38.0,Зарічна,0.4488996983573941
68900.0,1.0,1531.0,8.0,9.0,2016.0,45.0,25.0,11.0,Метрологічна,9.0
49500.0,2.0,1053.0,5.0,9.0,1969.0,47.0,28.0,7.0,Кольцова,12.0
138000.0,2.0,2300.0,13.0,14.0,2017.0,60.0,30.0,10.0,Максимовича,20.0
55500.0,2.0,911.0,9.55521472392638,17.624233128834355,1971.0,80.16498316498317,28.0,15.907786885245901,Науки,36.25719627973727
206000.0,3.0,1943.0,18.0,20.0,2008.0,106.0,58.0,15.907786885245901,Саперно-Слобідська,32.0922131147541
110000.0,1.0,3333.0,3.0,10.0,1977.0,33.0,20.0,15.907786885245901,Шовковична,2.9077868852459012
250000.0,3.0,2809.0,3.0,23.0,2019.0,89.0,42.613882863340564,15.907786885245901,Трускавецька,30.478330251413535
59157.0,2.0,873.0,11.0,17.0,1996.3073852295408,80.16498316498317,42.613882863340564,15.907786885245901,Гавела,21.643313416396705
53000.0,1.0,1152.0,7.0,25.0,1996.3073852295408,46.0,42.613882863340564,15.907786885245901,Повітрофлотський,12.521669748586465
58000.0,3.0,1000.0,9.0,9.0,1967.0,58.0,42.613882863340564,8.0,Запорожця,7.386117136659436
177000.0,2.0,2185.0,5.0,13.0,2019.0,81.0,55.0,15.0,Маккейна,11.0
86000.0,1.0,1654.0,8.0,36.0,1996.3073852295408,52.0,19.0,14.0,Перемоги,19.0
70000.0,3.0,745.0,4.0,20.0,2014.0,94.0,45.0,14.0,Щербаківського,35.0
73000.0,1.0,1521.0,20.0,26.0,2018.0,48.0,10.0,23.0,Зарічна,15.0
45000.0,1.0,1125.0,9.0,10.0,1994.0,40.0,18.0,9.0,Будищанська,13.0
115000.0,1.0,2300.0,10.0,24.0,2019.0,50.0,17.0,21.0,Жилянська,12.0
88000.0,2.0,989.0,4.0,25.0,2014.0,89.0,60.0,15.0,Ревуцького,14.0
29900.0,1.0,906.0,4.0,4.0,1960.0,33.0,19.0,6.0,Бородіна,8.0
189000.0,4.0,2082.366467958271,9.55521472392638,17.624233128834355,1996.3073852295408,80.16498316498317,42.613882863340564,15.907786885245901,Руставелі,21.643313416396705
95000.0,2.0,1730.0,10.0,16.0,1993.0,80.16498316498317,29.0,15.907786885245901,Драгоманова,35.25719627973727
128000.0,2.0,1829.0,21.0,24.0,2014.0,70.0,30.0,19.0,Преображенська,21.0
68000.0,3.0,1172.0,1.0,3.0,1996.3073852295408,58.0,35.0,6.0,Депутатська,17.0
85000.0,2.0,1312.0,17.0,25.0,1996.3073852295408,80.16498316498317,38.0,14.0,Багговутівська,28.16498316498317
160000.0,3.0,2078.0,3.0,5.0,1996.3073852295408,77.0,42.613882863340564,15.907786885245901,Сікорського,18.478330251413535
135000.0,2.0,2596.0,24.0,25.0,2014.0,52.0,40.0,20.0,Сікорського,8.0
800000.0,5.0,4000.0,9.55521472392638,17.624233128834355,1996.3073852295408,200.0,42.613882863340564,15.907786885245901,Драгомирова,141.47833025141352
250000.0,3.0,2336.0,10.0,24.0,2016.0,107.0,66.0,13.0,Коперніка,28.0
127000.0,2.0,1814.0,7.0,17.0,2002.0,70.0,36.0,15.0,Васильківська,19.0
98000.0,1.0,1661.0,16.0,24.0,1996.3073852295408,59.0,18.0,15.907786885245901,Глибочицька,25.0922131147541
125000.0,3.0,1389.0,18.0,25.0,2016.0,90.0,42.613882863340564,18.0,Чавдар,29.386117136659436
115000.0,2.0,1420.0,23.0,25.0,2007.0,81.0,41.0,16.0,Дніпровська,24.0
90000.0,2.0,2082.366467958271,9.55521472392638,17.624233128834355,1996.3073852295408,80.16498316498317,42.613882863340564,15.907786885245901,Антоновича,21.643313416396705
56000.0,2.0,1098.0,2.0,10.0,1987.0,51.0,30.0,8.0,Славгородська,13.0
53000.0,2.0,1000.0,9.0,14.0,1990.0,53.0,29.0,8.0,Славгородська,16.0
250000.0,3.0,3125.0,9.55521472392638,17.624233128834355,1996.3073852295408,80.0,42.613882863340564,15.907786885245901,Драгомирова,21.478330251413535
205000.0,3.0,1627.0,23.0,25.0,2010.0,126.0,74.0,14.0,Срібнокільська,38.0
59950.0,3.0,517.0,10.0,16.0,2016.0,116.0,42.613882863340564,17.0,Харченка,56.386117136659436
250000.0,1.0,3571.0,4.0,14.0,2012.0,70.0,22.0,27.0,Окіпної,21.0
38500.0,1.0,1196.0,4.0,5.0,1960.0,80.16498316498317,42.613882863340564,15.907786885245901,Олени Теліги,21.643313416396705
99999.0,2.0,1667.0,15.0,26.0,2013.0,60.0,39.0,16.0,Кондратюка,5.0
120000.0,3.0,1739.0,1.0,9.0,1977.0,69.0,42.613882863340564,15.907786885245901,Мечнікова,10.478330251413535
150000.0,3.0,1829.0,5.0,12.0,1997.0,82.0,42.0,9.0,Героїв Сталінграда,31.0
285000.0,4.0,1900.0,8.0,9.0,1996.3073852295408,150.0,42.613882863340564,22.0,Рибальська,85.38611713665944
72500.0,2.0,1394.0,4.0,4.0,2019.0,52.0,30.0,15.907786885245901,Березова,6.092213114754099
750000.0,3.0,5000.0,10.0,14.0,2017.0,150.0,95.0,18.0,Саперне Поле,37.0
493000.0,4.0,4287.0,12.0,24.0,2019.0,115.0,80.0,20.0,Антоновича,15.0
290000.0,3.0,3333.0,22.0,25.0,2019.0,87.0,55.0,15.0,Маккейна,17.0
247000.0,3.0,2100.0,13.0,17.0,2019.0,80.16498316498317,63.0,15.0,Лейпцизька,2.1649831649831697
90000.0,2.0,1139.0,13.0,23.0,2015.0,79.0,34.0,18.0,Драгоманова,27.0
80000.0,3.0,1250.0,9.0,9.0,1972.0,64.0,42.613882863340564,15.907786885245901,Коновальця,5.478330251413535
103900.0,3.0,1071.0,21.0,25.0,1996.3073852295408,97.0,51.0,16.0,Василя Стуса,30.0
265000.0,3.0,2944.0,13.0,17.0,2006.0,90.0,38.0,42.0,Тютюнника,10.0
105000.0,3.0,1641.0,1.0,5.0,1957.0,64.0,40.0,8.0,Січових Стрільців,16.0
78000.0,2.0,1696.0,5.0,11.0,2018.0,46.0,20.0,20.0,Райдужна,6.0
44900.0,1.0,1182.0,7.0,10.0,1988.0,38.0,17.0,8.0,Закревського,13.0
494000.0,6.0,1502.0,8.0,10.0,1996.0,329.0,193.0,47.0,Тургенєвська,89.0
55000.0,2.0,1078.0,9.0,10.0,1982.0,51.0,31.0,8.0,Зої Космодем'янської,12.0
59280.0,2.0,874.0,5.0,26.0,1996.3073852295408,80.16498316498317,42.613882863340564,15.907786885245901,Радченка,21.643313416396705
56000.0,1.0,1273.0,11.0,25.0,1996.3073852295408,44.0,42.613882863340564,15.907786885245901,Сверстюка,14.521669748586465
47500.0,1.0,1105.0,10.0,18.0,2006.0,43.0,20.0,10.0,Милославська,13.0
100000.0,2.0,1099.0,8.0,9.0,1970.0,91.0,42.613882863340564,15.907786885245901,Метрологічна,32.47833025141354
103000.0,1.0,2341.0,9.55521472392638,17.624233128834355,1996.3073852295408,44.0,42.613882863340564,15.907786885245901,Деміївська,14.521669748586465
95000.0,3.0,1118.0,2.0,15.0,2019.0,85.0,47.0,13.0,Перемоги,25.0
76800.0,3.0,985.0,2.0,5.0,1958.0,78.0,78.0,9.0,Вишгородська,9.0
257500.0,2.0,4769.0,8.0,25.0,2015.0,54.0,42.613882863340564,15.907786885245901,Маккейна,4.521669748586465
52500.0,1.0,1094.0,9.0,22.0,1996.3073852295408,48.0,42.613882863340564,21.0,Перемоги,15.613882863340564
302200.0,4.0,2001.0,5.0,22.0,2013.0,151.0,42.613882863340564,15.907786885245901,Перемоги,92.47833025141354
63500.0,2.0,814.0,22.0,25.0,1996.3073852295408,78.0,36.0,12.0,Балтійський,30.0
550000.0,4.0,3416.0,8.0,26.0,2009.0,161.0,67.0,40.0,Звіринецька,54.0
98700.0,2.0,1484.0,15.0,25.0,2019.0,80.16498316498317,42.613882863340564,19.0,Ревуцького,18.551100301642606
35000.0,1.0,946.0,8.0,9.0,1992.0,37.0,19.0,7.0,Милославська,11.0
56000.0,2.0,851.0,14.0,24.0,1996.3073852295408,80.16498316498317,42.613882863340564,15.907786885245901,Вербицького,21.643313416396705
36000.0,1.0,1333.0,4.0,5.0,1960.0,27.0,42.613882863340564,15.907786885245901,Новгородська,31.521669748586465
87000.0,1.0,1839.0,2.0,25.0,2015.0,80.16498316498317,25.0,10.0,Бажана,45.16498316498317
220000.0,5.0,1222.0,5.0,6.0,1996.3073852295408,180.0,72.0,12.0,Канівська,96.0
109000.0,3.0,1253.0,7.0,16.0,1996.3073852295408,87.0,42.613882863340564,15.907786885245901,Максимовича,28.478330251413535
125000.0,2.0,1689.0,23.0,25.0,2016.0,74.0,42.613882863340564,15.907786885245901,Донця,15.478330251413535
600000.0,3.0,4800.0,2.0,14.0,1996.3073852295408,125.0,42.613882863340564,15.907786885245901,Драгомирова,66.47833025141354
60000.0,1.0,1277.0,5.0,16.0,1996.3073852295408,47.0,22.0,15.907786885245901,Тираспольська,9.092213114754099
15700000.0,3.0,157000.0,2.0,4.0,1917.0,100.0,76.0,12.0,Саксаганського,12.0
45000.0,1.0,1214.9,5.0,16.0,1990.0,80.16498316498317,42.613882863340564,15.907786885245901,Тираспольська,21.643313416396705
160000.0,3.0,1356.0,11.0,25.0,2015.0,118.0,85.0,33.0,Зарічна,0.0
65000.0,2.0,1413.0,11.0,16.0,1981.0,46.0,27.0,9.0,Гонгадзе,10.0
495000.0,3.0,4420.0,13.0,39.0,2017.0,112.0,42.613882863340564,15.907786885245901,Українки,53.47833025141354
59000.0,2.0,1283.0,3.0,5.0,1965.0,46.0,42.613882863340564,15.907786885245901,Світлицького,12.521669748586465
68000.0,2.0,1447.0,5.0,10.0,1970.0,47.0,35.0,7.0,Воробйова,5.0
81000.0,3.0,1012.0,17.0,25.0,2018.0,80.0,60.0,14.0,Каховська,6.0
67000.0,1.0,1675.0,9.0,23.0,1996.3073852295408,40.0,42.613882863340564,12.0,Глибочицька,14.613882863340564
170000.0,3.0,1339.0,3.0,3.0,1954.0,127.0,86.0,30.0,Білокур,11.0
54500.0,1.0,996.0,23.0,25.0,1996.3073852295408,80.16498316498317,42.613882863340564,12.0,Балтійський,25.551100301642606
232000.0,3.0,1706.0,11.0,13.0,2014.0,136.0,70.0,15.907786885245901,Антоновича,50.0922131147541
75000.0,2.0,789.0,18.0,25.0,1996.3073852295408,80.16498316498317,42.613882863340564,15.907786885245901,Кондратюка,21.643313416396705
99000.0,1.0,2152.0,3.0,4.0,1898.0,46.0,25.0,10.0,Гончара,11.0
55000.0,1.0,1310.0,6.0,25.0,2019.0,42.0,13.0,9.0,Ревуцького,20.0
475000.0,3.0,5000.0,3.0,13.0,2017.0,95.0,66.0,13.0,Драгоманова,16.0
70000.0,1.0,1659.0,1.0,19.0,2006.0,80.16498316498317,18.0,10.0,Драгоманова,52.16498316498317
79900.0,2.0,1211.0,24.0,25.0,2013.0,66.0,36.0,13.0,Сім’ї Кульженків,17.0
215767.9,3.0,2157.7,8.0,16.0,2000.0,100.0,57.0,12.0,Панельна,31.0
155000.0,3.0,1550.0,13.0,16.0,2012.0,100.0,55.0,16.0,Вільямса,29.0
100000.0,1.0,1667.0,13.0,25.0,2008.0,60.0,21.0,17.0,Голосіївська,22.0
1010000.0,4.0,5674.0,23.0,26.0,2017.0,178.0,92.0,22.0,Оболонський,64.0
45000.0,1.0,1500.0,1.0,9.0,1975.0,30.0,16.0,5.0,Миколи Голего,9.0
80000.0,1.0,1333.0,4.0,24.0,2012.0,60.0,42.613882863340564,15.907786885245901,Дніпровська,1.478330251413535
115000.0,2.0,1575.0,21.0,25.0,2015.0,73.0,37.0,15.0,Малиновського,21.0
620000.0,5.0,3605.0,14.0,17.0,2001.0,172.0,93.0,13.0,Назарівська,66.0
250500.0,6.0,1668.0,13.0,14.0,1978.0,80.16498316498317,81.0,13.0,Гоголівська,13.83501683501683
39000.0,1.0,1345.0,1.0,5.0,1963.0,29.0,16.0,5.0,Дорогожицька,8.0
360000.0,5.0,2400.0,5.0,6.0,1936.0,150.0,120.0,15.0,Грушевського,15.0
250000.0,2.0,2976.0,15.0,23.0,2008.0,84.0,60.0,15.0,Іллєнка,9.0
95000.0,1.0,1863.0,22.0,25.0,2018.0,51.0,14.0,20.0,Липківського,17.0
63900.0,1.0,761.0,13.0,14.0,2013.0,84.0,44.0,18.0,Ушинського,22.0
81000.0,2.0,1528.0,13.0,25.0,2020.0,53.0,42.613882863340564,15.907786885245901,Польова,5.521669748586465
219000.0,1.0,3776.0,2.0,9.0,2019.0,58.0,20.0,20.0,Саперне Поле,18.0
162000.0,3.0,1604.0,19.0,26.0,2017.0,101.0,55.0,25.0,Панельна,21.0
260000.0,3.0,2321.0,14.0,18.0,2013.0,112.0,60.0,17.0,Хмельницького,35.0
163000.0,1.0,3622.0,2.0,22.0,2015.0,45.0,22.0,12.0,Маккейна,11.0
499000.0,2.0,4990.0,22.0,25.0,2019.0,100.0,42.613882863340564,15.907786885245901,Антоновича,41.47833025141354
310000.0,3.0,1925.0,3.0,18.0,2009.0,161.0,120.0,35.0,Толстого,6.0
99800.0,3.0,1535.0,6.0,8.0,1962.0,65.0,42.613882863340564,15.907786885245901,Дружби Народів,6.478330251413535
130000.0,1.0,3023.0,9.0,26.0,1996.3073852295408,43.0,42.613882863340564,15.907786885245901,Оболонський,15.521669748586465
70000.0,2.0,1273.0,4.0,5.0,1938.0,55.0,39.0,8.0,Багговутівська,8.0
44500.0,2.0,1025.0,1.0,5.0,1961.0,80.16498316498317,29.0,6.0,Антонова,45.16498316498317
199000.0,2.0,2488.0,2.0,5.0,1937.0,80.0,40.0,15.907786885245901,Володимирська,24.0922131147541
120000.0,2.0,2500.0,9.0,9.0,1972.0,48.0,42.613882863340564,15.907786885245901,Українки,10.521669748586465
68750.0,2.0,892.9,7.0,16.0,1996.3073852295408,77.0,34.0,12.0,Сім’ї Кульженків,31.0
162000.0,3.0,1800.0,11.0,26.0,2005.0,90.0,48.0,23.0,Коновальця,19.0
209000.0,2.0,2580.0,2.0,10.0,2003.0,81.0,40.0,15.0,Мирного,26.0
275000.0,2.0,2926.0,15.0,16.0,2006.0,94.0,42.613882863340564,48.0,Московська,3.3861171366594363
38000.0,1.0,1056.0,8.0,9.0,1984.0,36.0,18.0,8.0,Жмеринська,10.0
114000.0,3.0,1583.0,6.0,7.0,1959.0,72.0,51.0,9.0,Бойчука,12.0
161000.0,2.0,1809.0,17.0,25.0,2018.0,89.0,42.613882863340564,15.907786885245901,Липківського,30.478330251413535
330000.0,3.0,3000.0,18.0,24.0,2018.0,110.0,60.0,40.0,Лабораторний,10.0
1500000.0,5.0,5000.0,9.55521472392638,17.624233128834355,1996.3073852295408,300.0,42.613882863340564,15.907786885245901,Інститутська,241.47833025141352
295000.0,3.0,2757.0,6.0,6.0,1914.0,107.0,74.0,11.0,Хрещатик,22.0
62000.0,1.0,1512.0,2.0,25.0,1996.3073852295408,41.0,14.0,14.0,Дніпровська,13.0
255000.0,4.0,2024.0,16.0,25.0,2016.0,126.0,70.0,15.0,Саперне Поле,41.0
68000.0,3.0,907.0,5.0,15.0,1993.0,75.0,43.0,8.0,Комарова,24.0
164000.0,2.0,2702.0,30.0,30.0,1996.3073852295408,80.16498316498317,42.613882863340564,12.0,Драгомирова,25.551100301642606
139000.0,3.0,1252.0,23.0,36.0,2007.0,111.0,60.0,18.0,Срібнокільська,33.0
115000.0,2.0,1337.0,11.0,25.0,2008.0,86.0,42.613882863340564,15.907786885245901,Чоколівський,27.478330251413535
104000.0,1.0,1857.0,10.0,24.0,1996.3073852295408,56.0,16.0,16.0,Звіринецька,24.0
85000.0,1.0,1518.0,7.0,14.0,1996.3073852295408,56.0,20.0,14.0,Вишгородська,22.0
190000.0,2.0,3585.0,3.0,20.0,2019.0,53.0,18.0,20.0,Драгомирова,15.0
65000.0,2.0,1161.0,3.0,4.0,1952.0,56.0,34.0,9.0,Будівельників,13.0
105000.0,3.0,1117.0,6.0,22.0,2010.0,94.0,47.0,15.0,Урлівська,32.0
57000.0,2.0,919.0,15.0,21.0,1996.3073852295408,62.0,26.0,26.0,Сормовська,10.0
65000.0,1.0,1182.0,5.0,18.0,1996.3073852295408,55.0,42.613882863340564,21.0,Правди,8.613882863340564
98000.0,2.0,1388.0,8.0,25.0,2006.0,80.16498316498317,42.613882863340564,15.907786885245901,Верховинна,21.643313416396705
55000.0,2.0,1058.0,2.0,9.0,1986.0,52.0,29.0,8.0,Вербицького,15.0
55000.0,1.0,1618.0,5.0,33.0,1996.3073852295408,34.0,42.613882863340564,9.0,Велика Васильківська,17.613882863340564
115000.0,2.0,2170.0,7.0,7.0,1961.0,53.0,35.0,15.907786885245901,Велика Васильківська,2.0922131147540988
158364.0,2.0,1760.0,4.0,11.0,1996.3073852295408,90.0,45.0,20.0,Бойчука,25.0
80000.0,1.0,2000.0,11.0,25.0,2011.0,40.0,19.0,11.0,Лобановського,10.0
41000.0,2.0,909.0,2.0,3.0,1959.0,80.16498316498317,42.613882863340564,15.907786885245901,Миколи Шепелєва,21.643313416396705
435000.0,2.0,3625.0,2.0,10.0,1998.0,120.0,85.0,10.0,Кропивницького,25.0
100000.0,1.0,2000.0,3.0,23.0,2016.0,50.0,28.0,20.0,Трускавецька,2.0
88107.1,2.0,1223.7,23.0,26.0,1996.3073852295408,72.0,34.0,15.0,Маланюка,23.0
130000.0,1.0,2653.0,4.0,16.0,1996.3073852295408,49.0,18.0,16.0,Драгомирова,15.0
125000.0,2.0,1866.0,4.0,9.0,2018.0,67.0,42.613882863340564,15.907786885245901,Юнацька,8.478330251413535
89000.0,2.0,1413.0,12.0,14.0,2013.0,63.0,42.613882863340564,11.0,Максимовича,9.386117136659436
110000.0,3.0,1122.0,4.0,25.0,2010.0,98.0,59.0,14.0,Комарова,25.0
70000.0,2.0,1167.0,7.0,12.0,2019.0,60.0,26.0,15.907786885245901,Багговутівська,18.0922131147541
46000.0,1.0,1000.0,8.0,26.0,1996.3073852295408,46.0,42.613882863340564,15.907786885245901,Костанайська,12.521669748586465
84000.0,2.0,1400.0,14.0,24.0,1996.3073852295408,60.0,42.613882863340564,10.0,Костанайська,7.386117136659436
160000.0,3.0,1250.0,3.0,10.0,2010.0,128.0,69.0,18.0,Срібнокільська,41.0
42000.0,2.0,913.0,9.0,9.0,1970.0,46.0,42.613882863340564,15.907786885245901,Курчатова,12.521669748586465
61000.0,1.0,1743.0,8.0,9.0,1974.0,35.0,17.0,6.0,Гусовського,12.0
130000.0,3.0,1512.0,5.0,9.0,1972.0,86.0,43.0,9.0,Українки,34.0
120000.0,3.0,1091.0,3.0,16.0,2002.0,110.0,54.0,13.0,Драгоманова,43.0
250000.0,2.0,2874.0,11.0,23.0,2012.0,87.0,56.0,31.0,Дніпровська,0.0
125000.0,3.0,1322.0,19.0,34.0,1996.3073852295408,80.16498316498317,42.613882863340564,15.907786885245901,Заболотного,21.643313416396705
79235.0,2.0,1152.0,14.0,34.0,1996.3073852295408,80.16498316498317,42.613882863340564,15.907786885245901,Заболотного,21.643313416396705
113261.0,2.0,1421.0,9.0,36.0,1961.0,80.16498316498317,42.613882863340564,15.907786885245901,Перемоги,21.643313416396705
62000.0,1.0,1403.0,24.0,25.0,1996.3073852295408,80.16498316498317,42.613882863340564,15.907786885245901,Сверстюка,21.643313416396705
131000.0,2.0,2620.0,15.0,25.0,2016.0,50.0,42.613882863340564,21.0,Липківського,13.613882863340564
300000.0,1.0,4000.0,18.0,24.0,2015.0,75.0,28.0,25.0,Маккейна,22.0
108000.0,3.0,1200.0,3.0,24.0,1996.3073852295408,90.0,54.0,10.0,Дніпровська,26.0
47000.0,1.0,1621.0,2.0,5.0,1964.0,29.0,15.0,5.0,Волгоградська,9.0
57000.0,2.0,919.0,2.0,25.0,1996.3073852295408,62.0,45.0,14.0,Новопольова,3.0
135482.1,2.0,1782.6,1.0,25.0,2015.0,76.0,42.613882863340564,15.907786885245901,Драгоманова,17.478330251413535
149000.0,4.0,1192.0,3.0,8.0,2019.0,125.0,72.0,17.0,Лебедєва,36.0
85000.0,2.0,1977.0,1.0,5.0,1962.0,43.0,27.0,4.0,Драгомирова,12.0
123900.0,2.0,1721.0,6.0,30.0,1996.3073852295408,72.0,46.0,15.0,Драгомирова,11.0
150000.0,1.0,2727.0,3.0,17.0,2019.0,55.0,42.613882863340564,15.907786885245901,Лейпцизька,3.521669748586465
285000.0,3.0,2568.0,4.0,22.0,2014.0,111.0,60.0,35.0,Глибочицька,16.0
115000.0,3.0,1106.0,5.0,9.0,2005.0,104.0,65.0,20.0,Салютна,19.0
45900.0,2.0,1020.0,1.0,5.0,1965.0,45.0,30.0,4.0,Метрологічна,11.0
60000.0,2.0,952.0,18.0,25.0,1996.3073852295408,63.0,26.0,17.0,Північно-Сирецька,20.0
115000.0,2.0,1742.0,15.0,25.0,2018.0,66.0,30.0,18.0,Правди,18.0
44000.0,1.0,1023.0,24.0,26.0,2018.0,43.0,28.0,12.0,Вернадського,3.0
85000.0,2.0,1700.0,4.0,25.0,2016.0,50.0,25.0,10.0,Пчілки,15.0
183693.7,2.0,2213.2,8.0,25.0,2019.0,83.0,44.0,15.0,Лейпцизька,24.0
200000.0,3.0,2083.0,2.0,5.0,1959.0,96.0,73.0,7.0,Басейна,16.0
138000.0,2.0,2060.0,13.0,25.0,2011.0,67.0,42.613882863340564,15.907786885245901,Шаповала,8.478330251413535
39500.0,1.0,1013.0,20.0,25.0,1996.3073852295408,39.0,42.613882863340564,10.0,Бережанська,13.613882863340564
123500.0,2.0,1506.0,6.0,26.0,1996.3073852295408,82.0,42.613882863340564,18.0,Бойчука,21.386117136659436
80000.0,2.0,1250.0,11.0,16.0,1996.3073852295408,64.0,35.0,16.0,Перемоги,13.0
1976000.0,5.0,3800.0,17.0,25.0,2019.0,520.0,42.613882863340564,20.0,Івана Федорова,457.38611713665944
320000.0,2.0,3232.0,13.0,24.0,2019.0,99.0,47.0,13.0,Антоновича,39.0
110000.0,2.0,1735.0,1.0,12.0,2003.0,80.16498316498317,42.613882863340564,15.907786885245901,Вільямса,21.643313416396705
92000.0,2.0,1686.8,18.0,26.0,1996.3073852295408,80.16498316498317,42.613882863340564,31.0,Бойчука,6.551100301642606
101000.0,1.0,1772.0,33.0,36.0,1996.3073852295408,57.0,42.613882863340564,15.907786885245901,Перемоги,1.521669748586465
849000.0,2.236607142857143,2082.366467958271,9.55521472392638,17.624233128834355,2001.0,80.16498316498317,42.613882863340564,15.907786885245901,Ковпака,21.643313416396705
85000.0,2.0,1545.0,6.0,16.0,1973.0,55.0,22.0,7.0,Русанівський,26.0
330000.0,3.0,2481.0,7.0,21.0,2010.0,133.0,70.0,22.0,Українки,41.0
33900.0,1.0,1169.0,4.0,5.0,1969.0,29.0,16.0,7.0,Празька,6.0
165000.0,4.0,2062.0,4.0,4.0,1996.3073852295408,80.0,56.0,11.0,Гончара,13.0
270000.0,2.0,3333.0,11.0,13.0,2019.0,81.0,32.0,20.0,Маккейна,29.0
40000.0,1.0,995.0,14.0,25.0,1996.3073852295408,80.16498316498317,42.613882863340564,12.0,Балтійський,25.551100301642606
104000.0,1.0,2122.0,13.0,26.0,2015.0,49.0,25.0,14.0,Білоруська,10.0
75000.0,1.0,1442.0,4.0,25.0,2016.0,52.0,18.0,14.0,Драгоманова,20.0
115000.0,2.0,1613.0,4.0,25.0,1996.3073852295408,80.16498316498317,42.613882863340564,15.907786885245901,Липківського,21.643313416396705
58000.0,1.0,1758.0,8.0,9.0,1972.0,33.0,19.0,15.907786885245901,Новогоспітальна,1.9077868852459012
30540.0,1.0,1021.4,9.0,26.0,1996.3073852295408,80.16498316498317,42.613882863340564,15.907786885245901,Радченка,21.643313416396705
259999.0,5.0,1625.0,5.0,6.0,1936.0,160.0,85.0,40.0,Богомольця,35.0
140000.0,3.0,1842.0,26.0,26.0,2016.0,76.0,49.0,10.0,Донця,17.0
160000.0,2.0,2078.0,3.0,26.0,1996.3073852295408,77.0,36.0,13.0,Оболонський,28.0
200714.3,4.0,2007.1,2.0,2.0,1996.3073852295408,100.0,80.0,20.0,Щекавицька,0.0
65000.0,3.0,1048.0,3.0,9.0,1960.0,62.0,43.0,9.0,Пожарського,10.0
74000.0,3.0,1000.0,7.0,9.0,1975.0,74.0,48.0,8.0,Полкова,18.0
67000.0,2.0,1218.0,3.0,16.0,1993.0,55.0,30.0,8.0,Палладіна,17.0
110000.0,2.0,1630.0,12.0,24.0,1996.3073852295408,80.16498316498317,42.613882863340564,37.0,Бойчука,0.5511003016426059
127000.0,2.0,1512.0,14.0,24.0,2018.0,84.0,43.0,14.0,Липківського,27.0
180000.0,2.0,1915.0,4.0,10.0,2005.0,94.0,45.0,15.0,Павлівська,34.0
63000.0,3.0,875.0,3.0,9.0,1977.0,72.0,45.0,7.0,Івашкевича,20.0
42900.0,2.0,998.0,1.0,5.0,1996.3073852295408,43.0,29.0,15.907786885245901,Іскрівська,1.9077868852459012
95000.0,3.0,1234.0,16.0,25.0,2017.0,77.0,45.0,12.0,Максимовича,20.0
255000.0,4.0,2318.0,3.0,4.0,1900.0,110.0,68.0,13.0,Драгомирова,29.0
100357.1,2.0,1593.0,6.0,30.0,1996.3073852295408,63.0,35.0,8.0,Драгомирова,20.0
115000.0,1.0,2614.0,2.0,7.0,2019.0,44.0,14.0,21.0,Теремківська,9.0
113300.0,3.0,1218.0,15.0,21.0,1996.3073852295408,93.0,55.0,11.0,Осокорська,27.0
268000.0,4.0,1381.0,18.0,20.0,2010.0,194.0,93.0,35.0,Дмитрівська,66.0
140000.0,3.0,1273.0,3.0,26.0,1996.3073852295408,110.0,42.613882863340564,15.907786885245901,Кондратюка,51.47833025141354
146000.0,3.0,1718.0,1.0,9.0,2015.0,85.0,40.0,17.0,Регенераторна,28.0
63000.0,3.0,900.0,23.0,23.0,1996.3073852295408,70.0,34.0,14.0,Глибочицька,22.0
495000.0,3.0,3367.0,14.0,23.0,2014.0,147.0,50.0,40.0,Глибочицька,57.0
275000.0,3.0,2644.0,5.0,24.0,2008.0,104.0,70.0,14.0,Героїв Сталінграда,20.0
73500.0,2.0,1361.0,2.0,9.0,1966.0,54.0,32.0,8.0,Борщагівська,14.0
57000.0,2.0,1056.0,7.0,26.0,1996.3073852295408,54.0,28.0,9.0,Ревуцького,17.0
121860.0,2.0,1741.0,2.0,9.0,2018.0,70.0,45.0,14.0,Юнацька,11.0
73000.0,2.0,1000.0,21.0,25.0,1996.3073852295408,73.0,42.613882863340564,15.907786885245901,Заболотного,14.478330251413535
39000.0,1.0,1147.0,3.0,5.0,1960.0,34.0,18.0,8.0,Автозаводська,8.0
92284.0,2.0,1138.0,6.0,34.0,1996.3073852295408,80.16498316498317,42.613882863340564,15.907786885245901,Заболотного,21.643313416396705
210000.0,2.0,1736.0,14.0,24.0,2008.0,121.0,60.0,30.0,Саксаганського,31.0
139900.0,4.0,1260.0,6.0,9.0,1996.3073852295408,111.0,42.613882863340564,15.907786885245901,Зарічна,52.47833025141354
145000.0,2.0,1686.0,17.0,23.0,2005.0,86.0,48.0,12.0,Героїв Сталінграда,26.0
76000.0,3.0,1086.0,6.0,9.0,1980.0,70.0,34.0,10.0,Героїв Сталінграда,26.0
796000.0,4.0,4020.0,7.0,15.0,1996.3073852295408,198.0,65.0,67.0,Драгомирова,66.0
97926.0,1.0,1900.0,9.0,30.0,1996.3073852295408,80.16498316498317,42.613882863340564,15.907786885245901,Драгомирова,21.643313416396705
46000.0,1.0,1438.0,2.0,5.0,1963.0,32.0,19.0,6.0,Гавела,7.0
115000.0,3.0,1135.0,13.0,25.0,2004.0,80.16498316498317,42.613882863340564,15.907786885245901,Здолбунівська,21.643313416396705
430000.0,3.0,3909.0,8.0,22.0,2014.0,110.0,62.0,14.0,Драгомирова,34.0
3210000.0,5.0,8025.0,10.0,10.0,1961.0,400.0,250.0,50.0,Мечнікова,100.0
127900.0,2.0,1776.0,13.0,24.0,2017.0,72.0,35.0,17.0,Максимовича,20.0
75000.0,2.0,1250.0,4.0,5.0,1938.0,60.0,45.0,9.0,Багговутівська,6.0
90005.0,2.236607142857143,1915.0,8.0,15.0,1996.3073852295408,47.0,17.0,20.0,Шолуденка,10.0
284999.0,2.0,3202.0,3.0,18.0,2005.0,89.0,50.0,16.0,Щекавицька,23.0
51000.0,3.0,850.0,2.0,9.0,1972.0,60.0,40.0,6.0,Коласа,14.0
320000.0,3.0,3107.0,8.0,24.0,2013.0,103.0,42.613882863340564,16.0,Перемоги,44.386117136659436
43000.0,2.0,782.0,24.0,26.0,1996.3073852295408,55.0,42.613882863340564,11.0,Перемоги,1.3861171366594363
91000.0,1.0,1750.0,33.0,35.0,1996.3073852295408,52.0,20.0,22.0,Перемоги,10.0
185000.0,2.0,2256.0,6.0,9.0,1996.3073852295408,82.0,35.0,24.0,Наумова,23.0
49990.0,3.0,757.0,8.0,9.0,1976.0,66.0,45.0,8.0,Наумова,13.0
89000.0,1.0,2342.0,7.0,15.0,1996.3073852295408,38.0,20.0,7.0,Перемоги,11.0
170000.0,2.0,2656.0,5.0,7.0,1948.0,64.0,42.613882863340564,9.0,Велика Васильківська,12.386117136659436
46500.0,2.0,1011.0,5.0,5.0,1963.0,46.0,31.0,7.0,Вишгородська,8.0
